sepal length (cm),sepal width (cm),petal length (cm),petal width (cm),target,pred,correct,proba_0,proba_1,proba_2,z_0,z_1,z_2,exp_neg_z_0,exp_neg_z_1,exp_neg_z_2,proba_0_str,proba_1_str,proba_2_str,z_0_str,z_1_str,z_2_str,exp_neg_z_0_str,exp_neg_z_1_str,exp_neg_z_2_str
5.1,3.5,1.4,0.2,0,0,TRUE,0.981688967,0.018311019,1.44E-08,7.338803654,3.357032121,-10.69583578,0.000649827,0.034838502,44171.53143,'0.9816889669,'0.0183110187,'0.0000000144,'7.3388036542,'3.3570321210,'-10.6958357752,'0.0006498275,'0.0348385021,'44171.5314263482
4.9,3,1.4,0.2,0,0,TRUE,0.971557277,0.028442693,3.02E-08,6.939318366,3.40830942,-10.34762779,0.00096893,0.033097106,31182.98231,'0.9715572772,'0.0284426927,'0.0000000302,'6.9393183658,'3.4083094203,'-10.3476277862,'0.0009689298,'0.0330971064,'31182.9823084623
4.7,3.2,1.3,0.2,0,0,TRUE,0.985360132,0.014639855,1.23E-08,7.468576652,3.259317098,-10.72789375,0.00057074,0.038414622,45610.52365,'0.9853601322,'0.0146398555,'0.0000000123,'7.4685766524,'3.2593170983,'-10.7278937507,'0.0005707401,'0.0384146225,'45610.5236532490
4.6,3.1,1.5,0.2,0,0,TRUE,0.976172122,0.023827838,3.97E-08,6.909994284,3.197209928,-10.10720421,0.000997763,0.040876092,24519.01487,'0.9761721221,'0.0238278382,'0.0000000397,'6.9099942844,'3.1972099282,'-10.1072042126,'0.0009977635,'0.0408760923,'24519.0148686670
5,3.6,1.4,0.2,0,0,TRUE,0.985299318,0.01470067,1.20E-08,7.477465268,3.272412853,-10.74987812,0.000565689,0.037914834,46624.34557,'0.9852993182,'0.0147006698,'0.0000000120,'7.4774652675,'3.2724128533,'-10.7498781208,'0.0005656895,'0.0379148337,'46624.3455706072
5.4,3.9,1.7,0.4,0,0,TRUE,0.970289605,0.029710322,7.36E-08,6.626920952,3.140820888,-9.76774184,0.001324234,0.043247282,17461.29228,'0.9702896045,'0.0297103219,'0.0000000736,'6.6269209523,'3.1408208882,'-9.7677418405,'0.0013242342,'0.0432472821,'17461.2922816873
4.6,3.4,1.4,0.3,0,0,TRUE,0.986809706,0.013190274,2.00E-08,7.343539538,3.028542075,-10.37208161,0.000646757,0.04838613,31954.92556,'0.9868097058,'0.0131902742,'0.0000000200,'7.3435395380,'3.0285420747,'-10.3720816126,'0.0006467572,'0.0483861301,'31954.9255624775
5,3.4,1.5,0.2,0,0,TRUE,0.97626965,0.023730322,2.77E-08,7.032156346,3.315171164,-10.34732751,0.000883026,0.03632783,31173.62022,'0.9762696502,'0.0237303222,'0.0000000277,'7.0321563461,'3.3151711642,'-10.3473275103,'0.0008830256,'0.0363278300,'31173.6202176618
4.4,2.9,1.4,0.2,0,0,TRUE,0.979732812,0.020267157,3.07E-08,7.052504848,3.174226655,-10.2267315,0.000865239,0.041826438,27632.04704,'0.9797328122,'0.0202671571,'0.0000000307,'7.0525048481,'3.1742266546,'-10.2267315027,'0.0008652389,'0.0418264379,'27632.0470387924
4.9,3.1,1.5,0.1,0,0,TRUE,0.96897819,0.031021779,3.17E-08,6.892520835,3.450968225,-10.34348906,0.001015351,0.031714914,31054.1912,'0.9689781897,'0.0310217786,'0.0000000317,'6.8925208351,'3.4509682255,'-10.3434890606,'0.0010153511,'0.0317149143,'31054.1912016949
5.4,3.7,1.5,0.2,0,0,TRUE,0.976366785,0.023633196,1.93E-08,7.154318408,3.4331324,-10.58745081,0.000781482,0.032285651,39634.32473,'0.9763667852,'0.0236331955,'0.0000000193,'7.1543184078,'3.4331324002,'-10.5874508080,'0.0007814820,'0.0322856506,'39634.3247345095
4.8,3.4,1.6,0.2,0,0,TRUE,0.975288821,0.024711135,4.39E-08,6.864170651,3.18869094,-10.05286159,0.001044548,0.041225803,23222.14414,'0.9752888214,'0.0247111348,'0.0000000439,'6.8641706514,'3.1886909397,'-10.0528615911,'0.0010445484,'0.0412258027,'23222.1441373358
4.8,3,1.4,0.1,0,0,TRUE,0.974422779,0.0255772,2.15E-08,7.089743647,3.449599695,-10.53934334,0.000833611,0.031758347,37772.75454,'0.9744227787,'0.0255771998,'0.0000000215,'7.0897436470,'3.4495996953,'-10.5393433423,'0.0008336110,'0.0317583468,'37772.7545376269
4.3,3,1.1,0.1,0,0,TRUE,0.991923348,0.008076648,3.89E-09,8.05542224,3.244753307,-11.30017555,0.000317376,0.038978179,80835.82681,'0.9919233484,'0.0080766477,'0.0000000039,'8.0554222399,'3.2447533074,'-11.3001755473,'0.0003173764,'0.0389781788,'80835.8268070405
5.8,4,1.2,0.2,0,0,TRUE,0.988114191,0.011885806,2.81E-09,8.032285649,3.611832276,-11.64411793,0.000324805,0.027002326,114018.7201,'0.9881141914,'0.0118858058,'0.0000000028,'8.0322856494,'3.6118322761,'-11.6441179256,'0.0003248050,'0.0270023258,'114018.7201327984
5.7,4.4,1.5,0.4,0,0,TRUE,0.986680901,0.013319086,1.28E-08,7.488301678,3.183153021,-10.6714547,0.000559593,0.041454741,43107.6045,'0.9866809014,'0.0133190858,'0.0000000128,'7.4883016779,'3.1831530211,'-10.6714546990,'0.0005595925,'0.0414547412,'43107.6045000375
5.4,3.9,1.3,0.4,0,0,TRUE,0.988024619,0.011975371,9.21E-09,7.634661192,3.221805742,-10.85646693,0.000483402,0.039882975,51868.49923,'0.9880246193,'0.0119753715,'0.0000000092,'7.6346611921,'3.2218057415,'-10.8564669336,'0.0004834024,'0.0398829749,'51868.4992297509
5.1,3.5,1.4,0.3,0,0,TRUE,0.981434808,0.018565172,1.97E-08,7.230353056,3.26262484,-10.4929779,0.000724265,0.038287767,36061.38471,'0.9814348079,'0.0185651724,'0.0000000197,'7.2303530556,'3.2626248404,'-10.4929778961,'0.0007242651,'0.0382877667,'36061.3847061007
5.7,3.8,1.7,0.3,0,0,TRUE,0.95633985,0.043660081,6.85E-08,6.512760572,3.426081448,-9.93884202,0.001484376,0.0325141,20719.73734,'0.9563398500,'0.0436600815,'0.0000000685,'6.5127605723,'3.4260814476,'-9.9388420199,'0.0014843763,'0.0325140997,'20719.7373446252
5.1,3.8,1.5,0.3,0,0,TRUE,0.984024676,0.015975304,2.05E-08,7.268478788,3.147871841,-10.41635063,0.000697172,0.04294342,33401.31765,'0.9840246755,'0.0159753039,'0.0000000205,'7.2684787878,'3.1478718408,'-10.4163506286,'0.0006971717,'0.0429434201,'33401.3176453758
5.4,3.4,1.7,0.2,0,0,TRUE,0.946507585,0.053492328,8.65E-08,6.360387496,3.48714676,-9.847534256,0.001728697,0.030588023,18911.66593,'0.9465075851,'0.0534923284,'0.0000000865,'6.3603874958,'3.4871467599,'-9.8475342556,'0.0017286967,'0.0305880228,'18911.6659300943
5.1,3.7,1.5,0.4,0,0,TRUE,0.981627783,0.018372184,3.29E-08,7.063341259,3.084966822,-10.14830808,0.000855913,0.045731551,25547.84074,'0.9816277835,'0.0183721836,'0.0000000329,'7.0633412586,'3.0849668224,'-10.1483080809,'0.0008559135,'0.0457315511,'25547.8407406456
4.6,3.6,1,0.2,0,0,TRUE,0.995978915,0.004021084,1.31E-09,8.653104238,3.140929684,-11.79403392,0.000174584,0.043242577,132459.7258,'0.9959789146,'0.0040210841,'0.0000000013,'8.6531042378,'3.1409296843,'-11.7940339221,'0.0001745841,'0.0432425773,'132459.7258156876
5.1,3.3,1.7,0.5,0,0,TRUE,0.952037808,0.047961955,2.37E-07,6.064272817,3.076076164,-9.140348981,0.002324448,0.046139948,9324.018468,'0.9520378076,'0.0479619551,'0.0000002373,'6.0642728172,'3.0760761636,'-9.1403489808,'0.0023244477,'0.0461399475,'9324.0184675381
4.8,3.4,1.9,0.2,0,0,TRUE,0.951681178,0.048318616,2.06E-07,6.108365471,3.1279523,-9.236317771,0.002224183,0.04380741,10263.17753,'0.9516811778,'0.0483186159,'0.0000002062,'6.1083654715,'3.1279522998,'-9.2363177713,'0.0022241833,'0.0438074099,'10263.1775268515
5,3,1.6,0.2,0,0,TRUE,0.951317942,0.048681971,8.70E-08,6.393473563,3.420933999,-9.814407563,0.001672437,0.032681896,18295.44796,'0.9513179416,'0.0486819715,'0.0000000870,'6.3934735633,'3.4209339993,'-9.8144075626,'0.0016724368,'0.0326818958,'18295.4479605262
5,3.4,1.6,0.4,0,0,TRUE,0.96944534,0.030554574,8.64E-08,6.563320089,3.10611039,-9.669430479,0.001411193,0.044774773,15826.33302,'0.9694453396,'0.0305545739,'0.0000000864,'6.5633200891,'3.1061103898,'-9.6694304788,'0.0014111926,'0.0447747735,'15826.3330246840
5.2,3.5,1.5,0.2,0,0,TRUE,0.974790213,0.025209762,2.50E-08,7.044893912,3.389902913,-10.43479682,0.000871849,0.03371195,34023.16261,'0.9747902134,'0.0252097616,'0.0000000250,'7.0448939116,'3.3899029132,'-10.4347968249,'0.0008718494,'0.0337119497,'34023.1626091166
5.2,3.4,1.4,0.2,0,0,TRUE,0.977212453,0.022787529,1.74E-08,7.200142041,3.441651389,-10.64179343,0.00074648,0.032011778,41847.75496,'0.9772124532,'0.0227875294,'0.0000000174,'7.2001420409,'3.4416513887,'-10.6417934295,'0.0007464798,'0.0320117778,'41847.7549587076
4.7,3.2,1.6,0.2,0,0,TRUE,0.97108886,0.028911081,5.85E-08,6.712771473,3.198578458,-9.911349931,0.001215291,0.04082019,20157.86736,'0.9710888600,'0.0289110815,'0.0000000585,'6.7127714725,'3.1985784584,'-9.9113499309,'0.0012152913,'0.0408201904,'20157.8673604623
4.8,3.1,1.6,0.2,0,0,TRUE,0.964115656,0.035884273,7.05E-08,6.574109859,3.283197726,-9.857307585,0.001396048,0.037508124,19097.40203,'0.9641156562,'0.0358842733,'0.0000000705,'6.5741098592,'3.2831977260,'-9.8573075852,'0.0013960480,'0.0375081241,'19097.4020268533
5.4,3.4,1.5,0.4,0,0,TRUE,0.964720289,0.035279654,5.76E-08,6.647356419,3.338824625,-9.986181044,0.001297447,0.035478634,21724.1765,'0.9647202889,'0.0352796535,'0.0000000576,'6.6473564186,'3.3388246254,'-9.9861810440,'0.0012974475,'0.0354786339,'21724.1765043503
5.2,4.1,1.5,0.1,0,0,TRUE,0.988320465,0.011679528,7.02E-09,7.733466094,3.295296621,-11.02876272,0.000437924,0.037057052,61621.29055,'0.9883204654,'0.0116795276,'0.0000000070,'7.7334660945,'3.2952966212,'-11.0287627157,'0.0004379236,'0.0370570515,'61621.2905526310
5.5,4.2,1.4,0.2,0,0,TRUE,0.988999234,0.011000761,5.30E-09,7.847713439,3.348984309,-11.19669775,0.000390644,0.035120007,72889.34494,'0.9889992340,'0.0110007607,'0.0000000053,'7.8477134388,'3.3489843086,'-11.1966977474,'0.0003906442,'0.0351200071,'72889.3449392474
4.9,3.1,1.5,0.2,0,0,TRUE,0.968553253,0.031446704,4.32E-08,6.784070237,3.356560945,-10.14063118,0.001131659,0.034854921,25352.46344,'0.9685532528,'0.0314467039,'0.0000000432,'6.7840702366,'3.3565609449,'-10.1406311815,'0.0011316594,'0.0348549211,'25352.4634419429
5,3.2,1.2,0.2,0,0,TRUE,0.98456668,0.015433312,8.00E-09,7.594587665,3.438914328,-11.03350199,0.000503167,0.032099516,61914.02406,'0.9845666800,'0.0154333120,'0.0000000080,'7.5945876646,'3.4389143284,'-11.0335019929,'0.0005031674,'0.0320995160,'61914.0240586378
5.5,3.5,1.3,0.2,0,0,TRUE,0.97881591,0.02118408,9.64E-09,7.422839984,3.589746357,-11.01258634,0.00059745,0.027605331,60632.50051,'0.9788159103,'0.0211840801,'0.0000000096,'7.4228399837,'3.5897463566,'-11.0125863403,'0.0005974500,'0.0276053314,'60632.5005089173
4.9,3.6,1.4,0.1,0,0,TRUE,0.986799169,0.013200822,8.50E-09,7.627890549,3.313703128,-10.94159368,0.000486686,0.0363812,56477.278,'0.9867991692,'0.0132008223,'0.0000000085,'7.6278905487,'3.3137031283,'-10.9415936770,'0.0004866864,'0.0363811997,'56477.2780003827
4.4,3,1.3,0.2,0,0,TRUE,0.985771185,0.014228799,1.55E-08,7.401126839,3.162970606,-10.56409744,0.000610564,0.042299898,38719.45418,'0.9857711851,'0.0142287993,'0.0000000155,'7.4011268388,'3.1629706058,'-10.5640974446,'0.0006105644,'0.0422998979,'38719.4541766998
5.1,3.4,1.5,0.2,0,0,TRUE,0.973963956,0.026036016,2.85E-08,6.990181664,3.36828817,-10.35846983,0.000920879,0.034448557,31522.90909,'0.9739639557,'0.0260360158,'0.0000000285,'6.9901816635,'3.3682881698,'-10.3584698333,'0.0009208792,'0.0344485570,'31522.9090931463
5,3.5,1.3,0.3,0,0,TRUE,0.98654035,0.013459639,1.14E-08,7.524262798,3.229754048,-10.75401685,0.000539826,0.039567229,46817.71081,'0.9865403500,'0.0134596386,'0.0000000114,'7.5242627982,'3.2297540482,'-10.7540168464,'0.0005398265,'0.0395672292,'46817.7108084697
4.5,2.3,1.3,0.3,0,0,TRUE,0.962009753,0.03799018,6.63E-08,6.573893043,3.342196166,-9.916089208,0.001396351,0.035359218,20253.62782,'0.9620097534,'0.0379901803,'0.0000000663,'6.5738930427,'3.3421961655,'-9.9160892082,'0.0013963508,'0.0353592177,'20253.6278213863
4.4,3.2,1.3,0.2,0,0,TRUE,0.988953499,0.01104649,1.13E-08,7.5945007,3.099966082,-10.69446678,0.000503211,0.04505073,44111.10227,'0.9889534991,'0.0110464896,'0.0000000113,'7.5945007003,'3.0999660816,'-10.6944667818,'0.0005032111,'0.0450507304,'44111.1022675435
5,3.5,1.6,0.6,0,0,TRUE,0.972275085,0.027724778,1.37E-07,6.443105823,2.885793567,-9.328899389,0.001591456,0.055810483,11258.73318,'0.9722750848,'0.0277247778,'0.0000001374,'6.4431058227,'2.8857935665,'-9.3288993893,'0.0015914562,'0.0558104826,'11258.7331811702
5.1,3.8,1.9,0.4,0,0,TRUE,0.960067101,0.039932676,2.23E-07,6.152287949,2.972479707,-9.124767656,0.002128606,0.051176251,9179.863887,'0.9600671014,'0.0399326760,'0.0000002226,'6.1522879494,'2.9724797070,'-9.1247676564,'0.0021286061,'0.0511762508,'9179.8638873458
4.8,3,1.4,0.3,0,0,TRUE,0.973713351,0.026286609,4.01E-08,6.87284245,3.260785134,-10.13362758,0.001035529,0.03835827,25175.52532,'0.9737133510,'0.0262866089,'0.0000000401,'6.8728424499,'3.2607851342,'-10.1336275841,'0.0010355294,'0.0383582698,'25175.5253198539
5.1,3.8,1.6,0.2,0,0,TRUE,0.980217177,0.019782797,2.53E-08,7.124994326,3.222032908,-10.34702723,0.000804738,0.039873916,31164.26094,'0.9802171774,'0.0197827973,'0.0000000253,'7.1249943264,'3.2220329081,'-10.3470272345,'0.0008047376,'0.0398739158,'31164.2609376492
4.6,3.2,1.4,0.2,0,0,TRUE,0.983253228,0.016746751,2.01E-08,7.258616275,3.185953879,-10.44457015,0.000704082,0.041338795,34357.31241,'0.9832532284,'0.0167467515,'0.0000000201,'7.2586162751,'3.1859538794,'-10.4445701545,'0.0007040816,'0.0413387948,'34357.3124109253
5.3,3.7,1.5,0.2,0,0,TRUE,0.978464396,0.021535585,1.87E-08,7.19629309,3.380015395,-10.57630849,0.000749358,0.034046931,39195.1575,'0.9784643958,'0.0215355854,'0.0000000187,'7.1962930904,'3.3800153946,'-10.5763084851,'0.0007493585,'0.0340469306,'39195.1575029512
5,3.3,1.4,0.2,0,0,TRUE,0.978552869,0.021447112,1.93E-08,7.187404475,3.36691964,-10.55432411,0.000756049,0.034495733,38342.87938,'0.9785528691,'0.0214471116,'0.0000000193,'7.1874044754,'3.3669196396,'-10.5543241150,'0.0007560489,'0.0344957331,'38342.8793799130
7,3.2,4.7,1.4,1,1,TRUE,0.002115951,0.874187006,0.123697043,-3.364040269,2.659749607,0.704290662,28.90574224,0.069965738,0.494459189,'0.0021159512,'0.8741870060,'0.1236970428,'-3.3640402688,'2.6597496070,'0.7042906618,'28.9057422407,'0.0699657385,'0.4944591887
6.4,3.2,4.5,1.5,1,1,TRUE,0.005772126,0.86001153,0.134216344,-2.716772652,2.28713272,0.429639932,15.13140903,0.101557238,0.650743364,'0.0057721257,'0.8600115299,'0.1342163444,'-2.7167726518,'2.2871327196,'0.4296399322,'15.1314090316,'0.1015572379,'0.6507433643
6.9,3.1,4.9,1.5,1,1,TRUE,0.001053854,0.725428639,0.273517507,-4.031073235,2.503235156,1.527838079,56.32132486,0.08181987,0.217004307,'0.0010538544,'0.7254286390,'0.2735175066,'-4.0310732354,'2.5032351563,'1.5278380791,'56.3213248624,'0.0818198699,'0.2170043067
5.5,2.3,4,1.3,1,1,TRUE,0.015332743,0.939401189,0.045266069,-1.732606388,2.382645656,-0.650039268,5.655374816,0.092306044,1.91561605,'0.0153327428,'0.9394011886,'0.0452660686,'-1.7326063879,'2.3826456561,'-0.6500392682,'5.6553748162,'0.0923060441,'1.9156160503
6.5,2.8,4.6,1.5,1,1,TRUE,0.002362089,0.81483768,0.182800231,-3.397430117,2.44601256,0.951417557,29.88719468,0.086638364,0.386193184,'0.0023620887,'0.8148376800,'0.1828002313,'-3.3974301172,'2.4460125603,'0.9514175569,'29.8871946842,'0.0866383639,'0.3861931844
5.7,2.8,4.5,1.3,1,1,TRUE,0.006918511,0.860173632,0.132907857,-2.592796399,2.23013729,0.362659109,13.36709913,0.107513669,0.695823593,'0.0069185110,'0.8601736317,'0.1329078572,'-2.5927963993,'2.2301372901,'0.3626591092,'13.3670991344,'0.1075136686,'0.6958235929
6.3,3.3,4.7,1.6,1,1,TRUE,0.003734291,0.717378413,0.278887296,-3.190431757,2.067613745,1.122818012,24.2989164,0.126487253,0.325361628,'0.0037342910,'0.7173784134,'0.2788872956,'-3.1904317569,'2.0676137448,'1.1228180122,'24.2989164043,'0.1264872527,'0.3253616285
4.9,2.4,3.3,1,1,1,TRUE,0.147269366,0.849649724,0.00308091,0.704825854,2.457386695,-3.162212549,0.494194629,0.085658511,23.62280477,'0.1472693663,'0.8496497240,'0.0030809098,'0.7048258539,'2.4573866954,'-3.1622125493,'0.4941946288,'0.0856585105,'23.6228047706
6.6,2.9,4.6,1.3,1,1,TRUE,0.002763088,0.896597859,0.100639053,-3.125816672,2.656441865,0.469374807,22.77849006,0.07019755,0.625393137,'0.0027630880,'0.8965978587,'0.1006390533,'-3.1258166720,'2.6564418649,'0.4693748072,'22.7784900555,'0.0701975503,'0.6253931374
5.2,2.7,3.9,1.4,1,1,TRUE,0.041106446,0.912090862,0.046802692,-1.076450156,2.023124524,-0.946674368,2.934244929,0.132241627,2.577124823,'0.0411064456,'0.9120908624,'0.0468026920,'-1.0764501557,'2.0231245237,'-0.9466743680,'2.9342449289,'0.1322416268,'2.5771248233
5,2,3.5,1,1,1,TRUE,0.05568517,0.937766389,0.00654844,-0.227766672,2.596020323,-2.368253651,1.255792279,0.074569752,10.67872721,'0.0556851704,'0.9377663893,'0.0065484403,'-0.2277666715,'2.5960203228,'-2.3682536512,'1.2557922792,'0.0745697520,'10.6787272089
5.9,3,4.2,1.5,1,1,TRUE,0.015050352,0.89888951,0.086060138,-1.94446792,2.145290856,-0.200822936,6.989911675,0.117033992,1.222408308,'0.0150503515,'0.8988895103,'0.0860601381,'-1.9444679203,'2.1452908559,'-0.2008229356,'6.9899116752,'0.1170339921,'1.2224083077
6,2.2,4,1,1,1,TRUE,0.009089752,0.976443935,0.014466313,-1.713814936,2.962954788,-1.249139852,5.550094397,0.051666029,3.487342036,'0.0090897519,'0.9764439353,'0.0144663129,'-1.7138149360,'2.9629547877,'-1.2491398517,'5.5500943965,'0.0516660293,'3.4873420357
6.1,2.9,4.7,1.4,1,1,TRUE,0.003022294,0.779418613,0.217559093,-3.276328918,2.276203343,1.000125574,26.47838971,0.102673283,0.367833248,'0.0030222936,'0.7794186134,'0.2175590930,'-3.2763289175,'2.2762033431,'1.0001255744,'26.4783897058,'0.1026732829,'0.3678332478
5.6,2.9,3.6,1.3,1,1,TRUE,0.074065775,0.915441752,0.010492473,-0.186719246,2.327733942,-2.141014696,1.205288848,0.097516475,8.508066351,'0.0740657750,'0.9154417525,'0.0104924725,'-0.1867192463,'2.3277339423,'-2.1410146960,'1.2052888483,'0.0975164749,'8.5080663513
6.7,3.1,4.4,1.4,1,1,TRUE,0.005257391,0.9263687,0.068373909,-2.578997972,2.592639492,-0.01364152,13.18392088,0.074822286,1.013734991,'0.0052573908,'0.9263687001,'0.0683739092,'-2.5789979718,'2.5926394923,'-0.0136415205,'13.1839208786,'0.0748222864,'1.0137349906
5.6,3,4.5,1.5,1,1,TRUE,0.008613825,0.775043128,0.216343047,-2.574349052,1.925201199,0.649147853,13.12277214,0.14584641,0.522490826,'0.0086138246,'0.7750431279,'0.2163430475,'-2.5743490524,'1.9252011992,'0.6491478531,'13.1227721401,'0.1458464097,'0.5224908260
5.8,2.7,4.1,1,1,1,TRUE,0.016363211,0.965228441,0.018408348,-1.398365977,2.678963253,-1.280597276,4.048579088,0.068634274,3.598788552,'0.0163632108,'0.9652284410,'0.0184083483,'-1.3983659772,'2.6789632527,'-1.2805972756,'4.0485790883,'0.0686342737,'3.5987885523
6.2,2.2,4.5,1.5,1,1,TRUE,0.001801039,0.799492752,0.19870621,-3.599692594,2.495921329,1.103771264,36.58698565,0.08242048,0.331618103,'0.0018010387,'0.7994927516,'0.1987062097,'-3.5996925937,'2.4959213295,'1.1037712643,'36.5869856464,'0.0824204800,'0.3316181030
5.6,2.5,3.9,1.1,1,1,TRUE,0.023859117,0.959446215,0.016694668,-1.112370952,2.581818912,-1.46944796,3.041561248,0.075636303,4.346834851,'0.0238591167,'0.9594462153,'0.0166946680,'-1.1123709520,'2.5818189119,'-1.4694479599,'3.0415612480,'0.0756363031,'4.3468348514
5.9,3.2,4.8,1.8,1,2,FALSE,0.002278412,0.441034107,0.556687481,-3.588056214,1.67758721,1.910469004,36.16371305,0.1868242,0.148010953,'0.0022784122,'0.4410341070,'0.5566874808,'-3.5880562143,'1.6775872101,'1.9104690041,'36.1637130540,'0.1868242002,'0.1480109526
6.1,2.8,4,1.3,1,1,TRUE,0.016754852,0.956751867,0.026493281,-1.50101983,2.543836379,-1.042816549,4.486261962,0.078564418,2.837196875,'0.0167548517,'0.9567518675,'0.0264932809,'-1.5010198299,'2.5438363790,'-1.0428165491,'4.4862619624,'0.0785644180,'2.8371968755
6.3,2.5,4.9,1.5,1,1,TRUE,0.000709072,0.595317715,0.403973213,-4.359346724,2.373546695,1.985800029,78.20602762,0.093149766,0.13727075,'0.0007090720,'0.5953177151,'0.4039732129,'-4.3593467241,'2.3735466955,'1.9858000286,'78.2060276150,'0.0931497659,'0.1372707497
6.1,2.8,4.7,1.2,1,1,TRUE,0.003017042,0.859982253,0.137000705,-3.156114651,2.496520166,0.659594485,23.47919362,0.082371138,0.517060968,'0.0030170422,'0.8599822529,'0.1370007049,'-3.1561146511,'2.4965201663,'0.6595944848,'23.4791936209,'0.0823711383,'0.5170609681
6.4,2.9,4.3,1.3,1,1,TRUE,0.007042434,0.942902105,0.050055461,-2.286062127,2.610946494,-0.324884367,9.836127894,0.073464977,1.383870615,'0.0070424340,'0.9429021053,'0.0500554607,'-2.2860621269,'2.6109464937,'-0.3248843667,'9.8361278942,'0.0734649767,'1.3838706153
6.6,3,4.4,1.4,1,1,TRUE,0.005051556,0.920053073,0.07489537,-2.63371022,2.571024749,0.062685471,13.92534025,0.076457156,0.939238845,'0.0050515564,'0.9200530732,'0.0748953704,'-2.6337102199,'2.5710247489,'0.0626854711,'13.9253402493,'0.0764571559,'0.9392388450
6.8,2.8,4.8,1.4,1,1,TRUE,0.00111419,0.801255732,0.197630077,-3.918773686,2.659278431,1.259495256,50.33867591,0.069998712,0.283797235,'0.0011141904,'0.8012557323,'0.1976300773,'-3.9187736864,'2.6592784309,'1.2594952555,'50.3386759111,'0.0699987124,'0.2837972354
6.7,3,5,1.7,1,2,FALSE,0.000573719,0.481291624,0.518134658,-4.512647058,2.219442633,2.293204425,91.16281266,0.108669661,0.10094248,'0.0005737186,'0.4812916238,'0.5181346576,'-4.5126470580,'2.2194426328,'2.2932044251,'91.1628126554,'0.1086696608,'0.1009424804
6,2.9,4.5,1.5,1,1,TRUE,0.005434019,0.813043967,0.181522014,-2.838934714,2.169171484,0.66976323,17.09754205,0.114272254,0.511829749,'0.0054340189,'0.8130439673,'0.1815220138,'-2.8389347135,'2.1691714836,'0.6697632299,'17.0975420517,'0.1142722541,'0.5118297494
5.7,2.6,3.5,1,1,1,TRUE,0.061576239,0.935021684,0.003402077,0.058532135,2.778825789,-2.837357924,0.943147932,0.062111396,17.07060406,'0.0615762390,'0.9350216844,'0.0034020766,'0.0585321345,'2.7788257892,'-2.8373579237,'0.9431479323,'0.0621113964,'17.0706040649
5.5,2.4,3.8,1.1,1,1,TRUE,0.029034058,0.957253337,0.013712605,-0.91514814,2.580450382,-1.665302242,2.497145152,0.075739884,5.287271041,'0.0290340580,'0.9572533374,'0.0137126046,'-0.9151481401,'2.5804503817,'-1.6653022416,'2.4971451519,'0.0757398845,'5.2872710415
5.5,2.4,3.7,1,1,1,TRUE,0.037048395,0.955363013,0.007588592,-0.554762482,2.695103876,-2.140341394,1.741527291,0.067535366,8.502339781,'0.0370483949,'0.9553630127,'0.0075885924,'-0.5547624816,'2.6951038756,'-2.1403413940,'1.7415272909,'0.0675353661,'8.5023397809
5.8,2.7,3.9,1.2,1,1,TRUE,0.025059779,0.956520587,0.018419633,-1.111397054,2.530641118,-1.419244064,3.03860052,0.079607966,4.133994224,'0.0250597792,'0.9565205873,'0.0184196334,'-1.1113970543,'2.5306411183,'-1.4192440639,'3.0386005205,'0.0796079658,'4.1339942235
6,2.7,5.1,1.6,1,2,FALSE,0.000444121,0.349674612,0.649881267,-4.652369533,2.016291447,2.636078086,104.833097,0.133148338,0.071641692,'0.0004441211,'0.3496746118,'0.6498812670,'-4.6523695333,'2.0162914474,'2.6360780859,'104.8330970179,'0.1331483382,'0.0716416919
5.4,3,4.5,1.5,1,1,TRUE,0.010100276,0.751393611,0.238506113,-2.490399687,1.818967188,0.671432499,12.06609782,0.16219318,0.510976081,'0.0101002760,'0.7513936109,'0.2385061130,'-2.4903996871,'1.8189671881,'0.6714324991,'12.0660978210,'0.1621931795,'0.5109760805
6,3.4,4.5,1.6,1,1,TRUE,0.009878032,0.789592395,0.200529573,-2.463950658,1.917252893,0.546697766,11.75114472,0.147010261,0.578858183,'0.0098780320,'0.7895923953,'0.2005295726,'-2.4639506585,'1.9172528926,'0.5466977659,'11.7511447158,'0.1470102609,'0.5788581829
6.7,3.1,4.7,1.5,1,1,TRUE,0.002249115,0.805355834,0.192395051,-3.44325375,2.437493572,1.005760178,31.28859801,0.087379588,0.365766481,'0.0022491152,'0.8053558337,'0.1923950511,'-3.4432537503,'2.4374935718,'1.0057601784,'31.2885980073,'0.0873795879,'0.3657664813
6.3,2.3,4.4,1.3,1,1,TRUE,0.0027552,0.912539221,0.084705578,-3.076144089,2.726596847,0.349547241,21.67466547,0.065441619,0.705007216,'0.0027552003,'0.9125392213,'0.0847055784,'-3.0761440886,'2.7265968474,'0.3495472412,'21.6746654689,'0.0654416190,'0.7050072157
5.6,3,4.1,1.3,1,1,TRUE,0.026820009,0.928765632,0.044414359,-1.349707615,2.195000614,-0.845292998,3.856297844,0.111358493,2.328660008,'0.0268200086,'0.9287656325,'0.0444143589,'-1.3497076154,'2.1950006136,'-0.8452929982,'3.8562978438,'0.1113584932,'2.3286600078
5.5,2.5,4,1.3,1,1,TRUE,0.019783301,0.937964259,0.04225244,-1.539232526,2.319641132,-0.780408605,4.661011695,0.098308859,2.182363809,'0.0197833008,'0.9379642591,'0.0422524402,'-1.5392325264,'2.3196411319,'-0.7804086054,'4.6610116947,'0.0983088592,'2.1823638091
5.5,2.6,4.4,1.2,1,1,TRUE,0.008641223,0.89779406,0.093564717,-2.341835237,2.301561297,0.04027394,10.40030609,0.100102432,0.960526277,'0.0086412235,'0.8977940599,'0.0935647166,'-2.3418352370,'2.3015612971,'0.0402739400,'10.4003060857,'0.1001024320,'0.9605262766
6.1,3,4.6,1.4,1,1,TRUE,0.004604125,0.828491795,0.166904079,-2.927706927,2.264947294,0.662759632,18.68473587,0.103835507,0.515426981,'0.0046041253,'0.8284917954,'0.1669040793,'-2.9277069268,'2.2649472943,'0.6627596325,'18.6847358686,'0.1038355071,'0.5154269810
5.8,2.6,4,1.2,1,1,TRUE,0.017494005,0.956972295,0.0255337,-1.460019045,2.541897167,-1.081878122,4.306041536,0.078716919,2.950215215,'0.0174940046,'0.9569722953,'0.0255337001,'-1.4600190450,'2.5418971670,'-1.0818781220,'4.3060415361,'0.0787169189,'2.9502152154
5,2.3,3.3,1,1,1,TRUE,0.121387884,0.875532957,0.003079159,0.566164241,2.542005963,-3.108170204,0.567698824,0.078708355,22.38005597,'0.1213878840,'0.8755329566,'0.0030791594,'0.5661642405,'2.5420059631,'-3.1081702036,'0.5676988239,'0.0787083553,'22.3800559672
5.6,2.7,4.2,1.3,1,1,TRUE,0.014351548,0.920412969,0.065235483,-1.891703468,2.269261187,-0.377557719,6.63065417,0.103388537,1.458717637,'0.0143515478,'0.9204129690,'0.0652354833,'-1.8917034675,'2.2692611866,'-0.3775577191,'6.6306541702,'0.1033885367,'1.4587176372
5.7,3,4.2,1.2,1,1,TRUE,0.019818801,0.93830633,0.041874869,-1.535166759,2.322278686,-0.787111927,4.642099579,0.098049906,2.197042037,'0.0198188009,'0.9383063302,'0.0418748689,'-1.5351667595,'2.3222786864,'-0.7871119270,'4.6420995794,'0.0980499059,'2.1970420369
5.7,2.9,4.2,1.3,1,1,TRUE,0.016957216,0.925534535,0.057508249,-1.740304289,2.259373668,-0.519069379,5.699077324,0.104415863,1.680463048,'0.0169572164,'0.9255345346,'0.0575082490,'-1.7403042887,'2.2593736680,'-0.5190693793,'5.6990773237,'0.1044158633,'1.6804630480
6.2,2.9,4.3,1.3,1,1,TRUE,0.008447173,0.935103412,0.056449415,-2.202112762,2.504712483,-0.302599721,9.044101359,0.081699085,1.353372629,'0.0084471734,'0.9351034119,'0.0564494146,'-2.2021127617,'2.5047124825,'-0.3025997208,'9.0441013594,'0.0816990845,'1.3533726291
5.1,2.5,3,1.1,1,1,TRUE,0.24319233,0.7555035,0.00130417,1.364918001,2.498449804,-3.863367805,0.255401618,0.082212345,47.62547488,'0.2431923299,'0.7555035001,'0.0013041700,'1.3649180007,'2.4984498039,'-3.8633678046,'0.2554016179,'0.0822123452,'47.6254748784
5.7,2.8,4.1,1.3,1,1,TRUE,0.019020525,0.936076284,0.04490319,-1.585056159,2.311122143,-0.726065984,4.879565405,0.099149929,2.066933244,'0.0190205252,'0.9360762845,'0.0449031903,'-1.5850561595,'2.3111221434,'-0.7260659839,'4.8795654046,'0.0991499287,'2.0669332437
6.3,3.3,6,2.5,2,2,TRUE,8.90E-07,0.003941876,0.996057235,-7.441642923,0.954747447,6.486895477,1705.550009,0.384909342,0.001523271,'0.0000008896,'0.0039418758,'0.9960572346,'-7.4416429233,'0.9547474466,'6.4868954767,'1705.5500085202,'0.3849093424,'0.0015232707
5.8,2.7,5.1,1.9,2,2,TRUE,0.000239197,0.162412493,0.83734831,-4.893771964,1.626835595,3.266936369,133.4560171,0.196550557,0.038123043,'0.0002391969,'0.1624124928,'0.8373483103,'-4.8937719637,'1.6268355945,'3.2669363691,'133.4560171058,'0.1965505567,'0.0381230433
7.1,3,5.9,2.1,2,2,TRUE,2.45E-06,0.025639805,0.97435774,-7.381763722,1.872065613,5.509698109,1606.42055,0.153805631,0.004047329,'0.0000024549,'0.0256398051,'0.9743577401,'-7.3817637222,'1.8720656130,'5.5096981092,'1606.4205503746,'0.1538056305,'0.0040473291
6.3,2.9,5.6,1.8,2,2,TRUE,3.09E-05,0.081934754,0.918034382,-6.061496217,1.822592312,4.238903904,429.016859,0.161606274,0.014423393,'0.0000308640,'0.0819347542,'0.9180343818,'-6.0614962166,'1.8225923122,'4.2389039044,'429.0168590166,'0.1616062735,'0.0144233926
6.5,3,5.8,2.2,2,2,TRUE,3.68E-06,0.017497758,0.982498558,-6.986431165,1.479202512,5.507228653,1081.853622,0.227819299,0.004057336,'0.0000036847,'0.0174977576,'0.9824985577,'-6.9864311652,'1.4792025124,'5.5072286528,'1081.8536215226,'0.2278192990,'0.0040573361
7.6,3,6.6,2.1,2,2,TRUE,5.48E-08,0.004663436,0.995336509,-9.355182555,1.995927148,7.359255407,11558.57142,0.135887608,0.000636672,'0.0000000548,'0.0046634365,'0.9953365087,'-9.3551825550,'1.9959271477,'7.3592554073,'11558.5714201630,'0.1358876079,'0.0006366723
4.9,2.5,4.5,1.7,2,1,FALSE,0.005680942,0.512888307,0.481430751,-2.980862125,1.52207891,1.458783215,19.70479732,0.218257677,0.232519028,'0.0056809420,'0.5128883069,'0.4814307511,'-2.9808621248,'1.5220789096,'1.4587832152,'19.7047973178,'0.2182576770,'0.2325190283
7.3,2.9,6.3,1.8,2,2,TRUE,6.16E-07,0.021442359,0.978557025,-8.244788462,2.212038875,6.032749588,3807.729895,0.10947721,0.002398889,'0.0000006165,'0.0214423588,'0.9785570247,'-8.2447884624,'2.2120388747,'6.0327495877,'3807.7298947508,'0.1094772105,'0.0023988889
6.7,2.5,5.8,1.8,2,2,TRUE,5.16E-06,0.053208319,0.946786518,-7.12001279,2.120576956,4.999435834,1236.466248,0.119962395,0.006741749,'0.0000051623,'0.0532083193,'0.9467865185,'-7.1200127898,'2.1205769562,'4.9994358336,'1236.4662475088,'0.1199623955,'0.0067417494
7.2,3.6,6.1,2.5,2,2,TRUE,6.47E-07,0.005793577,0.994205776,-7.781289335,1.318047497,6.463241837,2395.361253,0.267657394,0.001559731,'0.0000006474,'0.0057935768,'0.9942057758,'-7.7812893346,'1.3180474972,'6.4632418375,'2395.3612526023,'0.2676573939,'0.0015597311
6.5,3.2,5.1,2,2,2,TRUE,0.000298803,0.210898607,0.788802589,-4.812610687,1.746736043,3.065874644,123.05245,0.174342061,0.046613054,'0.0002988035,'0.2108986073,'0.7888025892,'-4.8126106869,'1.7467360425,'3.0658746444,'123.0524499566,'0.1743420609,'0.0466130542
6.4,2.7,5.3,1.9,2,2,TRUE,7.18E-05,0.137112449,0.862815741,-5.649490179,1.905045201,3.744444978,284.1465651,0.148815916,0.023648751,'0.0000718098,'0.1371124487,'0.8628157415,'-5.6494901793,'1.9050452013,'3.7444449779,'284.1465650762,'0.1488159158,'0.0236487510
6.8,3,5.5,2.1,2,2,TRUE,2.10E-05,0.06533117,0.934647811,-6.248099435,1.79369945,4.454399985,517.0292424,0.16634365,0.011627294,'0.0000210190,'0.0653311695,'0.9346478115,'-6.2480994345,'1.7936994496,'4.4543999850,'517.0292423668,'0.1663436500,'0.0116272943
5.7,2.5,5,2,2,2,TRUE,0.000225459,0.144695474,0.855079067,-4.901686681,1.562562046,3.339124635,134.5164748,0.209598382,0.035467992,'0.0002254589,'0.1446954736,'0.8550790675,'-4.9016866811,'1.5625620459,'3.3391246351,'134.5164748425,'0.2095983820,'0.0354679916
5.8,2.8,5.1,2.4,2,2,TRUE,6.77E-05,0.043404605,0.956527655,-5.339338026,1.12329693,4.216041096,208.3747259,0.325205844,0.01475695,'0.0000677406,'0.0434046047,'0.9565276547,'-5.3393380257,'1.1232969297,'4.2160410960,'208.3747259020,'0.3252058444,'0.0147569504
6.4,3.2,5.3,2.3,2,2,TRUE,5.09E-05,0.054161465,0.94578763,-5.59985792,1.369904769,4.229953151,270.3879879,0.25413116,0.014553072,'0.0000509051,'0.0541614645,'0.9457876304,'-5.5998579198,'1.3699047686,'4.2299531512,'270.3879879268,'0.2541311597,'0.0145530723
6.5,3,5.5,1.8,2,2,TRUE,5.50E-05,0.123278235,0.876666739,-5.796823591,1.917570275,3.879253317,329.252058,0.14696361,0.020666251,'0.0000550260,'0.1232782353,'0.8766667387,'-5.7968235911,'1.9175702745,'3.8792533166,'329.2520579755,'0.1469636099,'0.0206662506
7.7,3.8,6.7,2.2,2,2,TRUE,8.43E-08,0.003614062,0.996385854,-8.98404745,1.682372563,7.301674888,7974.84467,0.185932316,0.000674408,'0.0000000843,'0.0036140617,'0.9963858541,'-8.9840474504,'1.6823725626,'7.3016748878,'7974.8446704241,'0.1859323163,'0.0006744083
7.7,2.6,6.9,2.3,2,2,TRUE,3.11E-09,0.001001143,0.998998854,-10.75661134,1.925500001,8.831111337,46939.33665,0.145802837,0.000146116,'0.0000000031,'0.0010011429,'0.9989988539,'-10.7566113375,'1.9255000006,'8.8311113369,'46939.3366515572,'0.1458028371,'0.0001461158
6,2.2,5,1.5,2,2,TRUE,0.000385266,0.450362238,0.549252497,-4.775418528,2.288456252,2.486962277,118.5599249,0.101422913,0.083162207,'0.0003852655,'0.4503622378,'0.5492524966,'-4.7754185283,'2.2884562517,'2.4869622766,'118.5599249276,'0.1014229125,'0.0831622070
6.9,3.2,5.7,2.3,2,2,TRUE,5.53E-06,0.02392846,0.976066007,-6.817471573,1.554504943,5.26296663,913.6719341,0.211293959,0.005179915,'0.0000055336,'0.0239284596,'0.9760660068,'-6.8174715727,'1.5545049432,'5.2629666295,'913.6719340595,'0.2112939593,'0.0051799150
5.6,2.8,4.9,2,2,2,TRUE,0.000603914,0.190295177,0.809100909,-4.317716146,1.435184467,2.882531679,75.01710441,0.238071444,0.055992827,'0.0006039136,'0.1902951772,'0.8091009092,'-4.3177161464,'1.4351844674,'2.8825316790,'75.0171044114,'0.2380714435,'0.0559928274
7.7,2.8,6.7,2,2,2,TRUE,3.11E-08,0.004671484,0.995328485,-9.73401556,2.186209745,7.547805816,16882.20792,0.112341747,0.000527266,'0.0000000311,'0.0046714838,'0.9953284851,'-9.7340155605,'2.1862097447,'7.5478058158,'16882.2079189783,'0.1123417466,'0.0005272658
6.3,2.7,4.9,1.8,2,2,TRUE,0.00057891,0.392304148,0.607116941,-4.491324658,2.02732033,2.464004329,89.23957956,0.131687929,0.085093525,'0.0005789104,'0.3923041484,'0.6071169412,'-4.4913246582,'2.0273203296,'2.4640043286,'89.2395795630,'0.1316879290,'0.0850935254
6.7,3.3,5.7,2.1,2,2,TRUE,1.27E-05,0.038836618,0.961150682,-6.41993408,1.605583231,4.814350849,613.9626402,0.200772424,0.008112487,'0.0000127000,'0.0388366184,'0.9611506816,'-6.4199340797,'1.6055832311,'4.8143508486,'613.9626402008,'0.2007724240,'0.0081124866
7.2,3.2,6,1.8,2,2,TRUE,4.82E-06,0.051826031,0.948169146,-7.156947808,2.125153723,5.031794085,1282.989022,0.11941461,0.00652709,'0.0000048237,'0.0518260308,'0.9481691455,'-7.1569478077,'2.1251537228,'5.0317940850,'1282.9890215819,'0.1194146101,'0.0065270899
6.2,2.8,4.8,1.8,2,2,TRUE,0.001060393,0.455918671,0.543020936,-4.100727985,1.962947275,2.13778071,60.38423041,0.140443884,0.117916243,'0.0010603926,'0.4559186713,'0.5430209361,'-4.1007279850,'1.9629472753,'2.1377807097,'60.3842304120,'0.1404438836,'0.1179162432
6.1,3,4.9,1.8,2,2,TRUE,0.001010993,0.385610259,0.613378748,-4.117314501,1.826579532,2.290734969,61.39414675,0.160963197,0.101192062,'0.0010109931,'0.3856102591,'0.6133787478,'-4.1173145009,'1.8265795322,'2.2907349687,'61.3941467547,'0.1609631967,'0.1011920615
6.4,2.8,5.6,2.1,2,2,TRUE,1.05E-05,0.036349752,0.963639748,-6.525509626,1.623989738,4.901519887,682.3274165,0.197110708,0.007435274,'0.0000105007,'0.0363497516,'0.9636397477,'-6.5255096255,'1.6239897382,'4.9015198873,'682.3274165175,'0.1971107081,'0.0074352737
7.2,3,5.8,1.6,2,2,TRUE,1.68E-05,0.142504855,0.857478366,-6.629550352,2.417465235,4.212085117,757.141647,0.089147299,0.014815444,'0.0000167788,'0.1425048547,'0.8574783665,'-6.6295503522,'2.4174652347,'4.2120851174,'757.1416469894,'0.0891472988,'0.0148154442
7.4,2.8,6.1,1.9,2,2,TRUE,1.05E-06,0.029239903,0.970759043,-7.988030554,2.242743288,5.745287266,2945.49026,0.106166858,0.003197816,'0.0000010539,'0.0292399027,'0.9707590434,'-7.9880305543,'2.2427432884,'5.7452872659,'2945.4902603404,'0.1061668582,'0.0031978158
7.9,3.8,6.4,2,2,2,TRUE,7.01E-07,0.017654166,0.982345132,-8.095290439,2.038159775,6.057130664,3278.989054,0.130268213,0.002341109,'0.0000007014,'0.0176541665,'0.9823451322,'-8.0952904386,'2.0381597748,'6.0571306638,'3278.9890540544,'0.1302682133,'0.0023411087
6.4,2.8,5.6,2.2,2,2,TRUE,7.76E-06,0.027257166,0.97273507,-6.633960224,1.529582458,5.104377766,760.4879175,0.216626099,0.006070115,'0.0000077642,'0.0272571659,'0.9727350699,'-6.6339602241,'1.5295824576,'5.1043777664,'760.4879175400,'0.2166260990,'0.0060701148
6.3,2.8,5.1,1.5,2,2,TRUE,0.000523718,0.475753887,0.523722395,-4.573156052,2.238547483,2.334608569,96.84928932,0.10661325,0.096848385,'0.0005237175,'0.4757538873,'0.5237223952,'-4.5731560518,'2.2385474825,'2.3346085693,'96.8492893156,'0.1066132496,'0.0968483845
6.1,2.6,5.6,1.4,2,2,TRUE,6.20E-05,0.188942953,0.810995061,-5.833805249,2.18849421,3.64531104,341.656296,0.112085399,0.026113286,'0.0000619855,'0.1889429531,'0.8109950613,'-5.8338052493,'2.1884942096,'3.6453110398,'341.6562960201,'0.1120853987,'0.0261132863
7.7,3,6.1,2.3,2,2,TRUE,3.89E-07,0.011757204,0.988242406,-8.354383135,1.961460659,6.392922476,4248.76289,0.140652825,0.001673359,'0.0000003892,'0.0117572045,'0.9882424063,'-8.3543831349,'1.9614606587,'6.3929224762,'4248.7628902102,'0.1406528250,'0.0016733587
6.3,3.4,5.6,2.4,2,2,TRUE,1.15E-05,0.017438163,0.982550375,-6.228765154,1.098637318,5.130127836,507.1288707,0.33332499,0.005915804,'0.0000114617,'0.0174381633,'0.9825503750,'-6.2287651542,'1.0986373183,'5.1301278359,'507.1288707476,'0.3333249902,'0.0059158042
6.4,3.1,5.5,1.8,2,2,TRUE,6.70E-05,0.120009937,0.879923095,-5.658161978,1.832951007,3.825210971,286.6213417,0.159940884,0.021813833,'0.0000669681,'0.1200099370,'0.8799230949,'-5.6581619778,'1.8329510069,'3.8252109709,'286.6213417127,'0.1599408840,'0.0218138330
6,3,4.8,1.8,2,2,TRUE,0.00160152,0.440568747,0.557829733,-3.823404758,1.79370874,2.029696018,45.75974426,0.166342105,0.131375451,'0.0016015197,'0.4405687472,'0.5578297331,'-3.8234047583,'1.7937087399,'2.0296960184,'45.7597442589,'0.1663421047,'0.1313754508
6.9,3.1,5.4,2.1,2,2,TRUE,3.92E-05,0.093606424,0.906354331,-5.941452126,1.835560406,4.10589172,380.4870439,0.159524078,0.016475321,'0.0000392457,'0.0936064236,'0.9063543307,'-5.9414521265,'1.8355604064,'4.1058917201,'380.4870438808,'0.1595240784,'0.0164753209
6.7,3.1,5.6,2.4,2,2,TRUE,6.22E-06,0.020322262,0.979671522,-6.686724677,1.405612127,5.28111255,801.6921464,0.245216907,0.005086768,'0.0000062161,'0.0203222615,'0.9796715224,'-6.6867246768,'1.4056121269,'5.2811125499,'801.6921463931,'0.2452169066,'0.0050867684
6.9,3.1,5.1,2.3,2,2,TRUE,9.84E-05,0.120501347,0.879400219,-5.402548144,1.707484485,3.695063658,221.971311,0.181321336,0.024845872,'0.0000984337,'0.1205013472,'0.8794002191,'-5.4025481437,'1.7074844852,'3.6950636584,'221.9713109717,'0.1813213359,'0.0248458720
5.8,2.7,5.1,1.9,2,2,TRUE,0.000239197,0.162412493,0.83734831,-4.893771964,1.626835595,3.266936369,133.4560171,0.196550557,0.038123043,'0.0002391969,'0.1624124928,'0.8373483103,'-4.8937719637,'1.6268355945,'3.2669363691,'133.4560171058,'0.1965505567,'0.0381230433
6.8,3.2,5.9,2.3,2,2,TRUE,2.02E-06,0.012647369,0.987350607,-7.27936701,1.460895511,5.818471499,1450.069855,0.232028398,0.002972145,'0.0000020237,'0.0126473691,'0.9873506072,'-7.2793670101,'1.4608955110,'5.8184714990,'1450.0698549074,'0.2320283977,'0.0029721446
6.7,3.3,5.7,2.5,2,2,TRUE,3.76E-06,0.012154437,0.987841805,-6.853736474,1.227954109,5.625782365,947.4142901,0.292891189,0.003603743,'0.0000037575,'0.0121544373,'0.9878418052,'-6.8537364739,'1.2279541089,'5.6257823650,'947.4142901130,'0.2928911886,'0.0036037426
6.7,3,5.2,2.3,2,2,TRUE,5.52E-05,0.080005841,0.919939005,-5.667220769,1.612506523,4.054714246,289.2295806,0.199387219,0.017340435,'0.0000551539,'0.0800058411,'0.9199390050,'-5.6672207691,'1.6125065229,'4.0547142463,'289.2295805542,'0.1993872186,'0.0173404346
6.3,2.5,5,1.9,2,2,TRUE,0.000224054,0.250858174,0.748917772,-5.045084178,1.97567136,3.069412818,155.2573679,0.138668185,0.046448421,'0.0002240541,'0.2508581739,'0.7489177720,'-5.0450841782,'1.9756713599,'3.0694128183,'155.2573679317,'0.1386681847,'0.0464484205
6.5,3,5.2,2,2,2,TRUE,0.000136723,0.157215589,0.842647688,-5.257919608,1.789494353,3.468425255,192.0814706,0.167044614,0.031166071,'0.0001367233,'0.1572155891,'0.8426476876,'-5.2579196083,'1.7894943534,'3.4684252549,'192.0814706422,'0.1670446139,'0.0311660707
6.2,3.4,5.4,2.3,2,2,TRUE,4.50E-05,0.038654281,0.96130068,-5.574469753,1.18042002,4.394049733,263.6097403,0.307149702,0.012350611,'0.0000450387,'0.0386542809,'0.9613006804,'-5.5744697531,'1.1804200200,'4.3940497332,'263.6097403371,'0.3071497025,'0.0123506111
5.9,3,5.1,1.8,2,2,TRUE,0.000469606,0.235386177,0.764144217,-4.537235256,1.679853094,2.857382161,93.43212675,0.186401357,0.057418877,'0.0004696062,'0.2353861767,'0.7641442172,'-4.5372352556,'1.6798530944,'2.8573821612,'93.4321267514,'0.1864013574,'0.0574188771
